Aai	0	3.0
Handcrafted Weights	0	3.0
MCTS	0	3.0
Aai	1	3.0
Handcrafted Weights	1	3.0
MCTS	1	2.0
Aai	2	0.5
Handcrafted Weights	2	3.0
MCTS	2	0.5
Aai	3	0.5
Handcrafted Weights	3	2.0
MCTS	3	2.0
Aai	4	2.0
Handcrafted Weights	4	0.5
MCTS	4	2.0
Aai	5	3.0
Handcrafted Weights	5	0.5
MCTS	5	3.0
Aai	6	3.0
Handcrafted Weights	6	3.0
MCTS	6	1.0
Aai	7	0.5
Handcrafted Weights	7	2.0
MCTS	7	2.0
Aai	8	2.0
Handcrafted Weights	8	2.0
MCTS	8	2.0
Aai	9	0.5
Handcrafted Weights	9	3.0
MCTS	9	3.0
Aai	10	1.0
Handcrafted Weights	10	3.0
MCTS	10	0.0
Aai	11	3.0
Handcrafted Weights	11	0.5
MCTS	11	3.0
Aai	12	2.0
Handcrafted Weights	12	1.5
MCTS	12	3.0
Aai	13	2.0
Handcrafted Weights	13	1.0
MCTS	13	0.5
Aai	14	0.5
Handcrafted Weights	14	0.5
MCTS	14	0.5
Aai	15	3.0
Handcrafted Weights	15	1.5
MCTS	15	0.5
Aai	16	0.5
Handcrafted Weights	16	1.0
MCTS	16	0.5
Aai	17	3.0
Handcrafted Weights	17	0.5
MCTS	17	0.5
Aai	18	2.0
Handcrafted Weights	18	1.0
MCTS	18	0.5
Aai	19	3.0
Handcrafted Weights	19	2.0
MCTS	19	1.5
Aai	20	3.0
Handcrafted Weights	20	2.0
MCTS	20	0.0
Aai	21	1.0
Handcrafted Weights	21	1.5
MCTS	21	0.0
Aai	22	0.0
Handcrafted Weights	22	2.0
MCTS	22	0.5
Aai	23	0.0
Handcrafted Weights	23	0.5
MCTS	23	2.0
Aai	24	1.0
Handcrafted Weights	24	1.5
MCTS	24	2.0
Aai	25	3.0
Handcrafted Weights	25	0.5
MCTS	25	0.0
Aai	26	1.0
Handcrafted Weights	26	1.5
MCTS	26	0.5
Aai	27	0.5
Handcrafted Weights	27	0.5
MCTS	27	1.0
Aai	28	0.0
Handcrafted Weights	28	0.5
MCTS	28	1.0
Aai	29	3.0
Handcrafted Weights	29	2.0
MCTS	29	0.0
Aai	30	2.0
Handcrafted Weights	30	0.5
MCTS	30	0.0
Aai	31	0.5
Handcrafted Weights	31	2.0
MCTS	31	0.5
Aai	32	1.0
Handcrafted Weights	32	0.5
MCTS	32	0.0
Aai	33	2.0
Handcrafted Weights	33	2.0
MCTS	33	0.5
Aai	34	0.0
Handcrafted Weights	34	1.5
MCTS	34	1.0
Aai	35	0.5
Handcrafted Weights	35	1.5
MCTS	35	0.5
Aai	36	0.5
Handcrafted Weights	36	0.5
MCTS	36	2.0
Aai	37	2.0
Handcrafted Weights	37	0.5
MCTS	37	0.5
Aai	38	0.0
Handcrafted Weights	38	2.0
MCTS	38	0.5
Aai	39	2.0
Handcrafted Weights	39	0.5
MCTS	39	0.0
Aai	40	0.5
Handcrafted Weights	40	1.0
MCTS	40	0.0
Aai	41	3.0
Handcrafted Weights	41	0.5
MCTS	41	0.0
Aai	42	0.5
Handcrafted Weights	42	1.0
MCTS	42	0.5
Aai	43	2.0
Handcrafted Weights	43	0.5
MCTS	43	2.0
Aai	44	0.0
Handcrafted Weights	44	0.5
MCTS	44	2.0
Aai	45	0.5
Handcrafted Weights	45	0.0
MCTS	45	0.5
Aai	46	2.0
Handcrafted Weights	46	0.0
MCTS	46	0.0
Aai	47	0.5
Handcrafted Weights	47	0.5
MCTS	47	0.5
Aai	48	2.0
Handcrafted Weights	48	1.5
MCTS	48	0.5
Aai	49	0.5
Handcrafted Weights	49	0.0
MCTS	49	0.5
Aai	50	0.5
Handcrafted Weights	50	0.0
MCTS	50	0.5
Aai	51	0.0
Handcrafted Weights	51	0.5
MCTS	51	0.5
Aai	52	0.0
Handcrafted Weights	52	0.0
MCTS	52	0.0
Aai	53	0.0
Handcrafted Weights	53	0.0
MCTS	53	0.5
Aai	54	2.0
Handcrafted Weights	54	0.0
MCTS	54	2.0
Aai	55	0.0
Handcrafted Weights	55	0.5
MCTS	55	0.5
Aai	56	1.0
Handcrafted Weights	56	2.0
MCTS	56	0.5
Aai	57	3.0
Handcrafted Weights	57	0.0
MCTS	57	0.5
Aai	58	3.0
Handcrafted Weights	58	0.0
MCTS	58	0.5
Aai	59	1.0
Handcrafted Weights	59	0.0
MCTS	59	0.0
Aai	60	0.0
Handcrafted Weights	60	0.0
MCTS	60	0.5
Aai	61	3.0
Handcrafted Weights	61	0.0
MCTS	61	0.5
Aai	62	0.5
Handcrafted Weights	62	0.5
MCTS	62	0.5
Aai	63	2.0
Handcrafted Weights	63	1.5
MCTS	63	0.0
Aai	64	2.0
Handcrafted Weights	64	0.5
MCTS	64	2.0
Aai	65	3.0
Handcrafted Weights	65	1.5
MCTS	65	0.5
Aai	66	1.0
Handcrafted Weights	66	0.5
MCTS	66	0.5
Aai	67	0.0
Handcrafted Weights	67	0.0
MCTS	67	0.5
Aai	68	0.0
Handcrafted Weights	68	0.0
MCTS	68	2.0
Aai	69	0.0
Handcrafted Weights	69	0.0
MCTS	69	0.5
Aai	70	2.0
Handcrafted Weights	70	0.5
MCTS	70	0.5
Aai	71	1.5
Handcrafted Weights	71	0.0
MCTS	71	0.5
Aai	72	2.0
Handcrafted Weights	72	0.0
MCTS	72	0.5
Aai	73	0.5
Handcrafted Weights	73	0.5
MCTS	73	0.0
Aai	74	1.0
Handcrafted Weights	74	0.5
MCTS	74	0.5
Aai	75	2.0
Handcrafted Weights	75	0.0
MCTS	75	0.5
Aai	76	0.5
Handcrafted Weights	76	0.0
MCTS	76	0.5
Aai	77	2.0
Handcrafted Weights	77	0.0
MCTS	77	0.0
Aai	78	1.0
Handcrafted Weights	78	1.0
MCTS	78	0.5
Aai	79	2.0
Handcrafted Weights	79	0.0
MCTS	79	0.5
Aai	80	1.0
Handcrafted Weights	80	1.0
MCTS	80	0.5
Aai	81	0.5
Handcrafted Weights	81	0.0
MCTS	81	0.0
Aai	82	3.0
Handcrafted Weights	82	0.0
MCTS	82	0.5
Aai	83	1.0
Handcrafted Weights	83	0.0
MCTS	83	0.5
Aai	84	1.0
Handcrafted Weights	84	1.0
MCTS	84	0.5
Aai	85	0.0
Handcrafted Weights	85	0.0
MCTS	85	0.5
Aai	86	1.0
Handcrafted Weights	86	1.5
MCTS	86	0.0
Aai	87	1.0
Handcrafted Weights	87	0.0
MCTS	87	2.0
Aai	88	0.5
Handcrafted Weights	88	0.5
MCTS	88	0.5
Aai	89	0.0
Handcrafted Weights	89	0.5
MCTS	89	2.0
Aai	90	2.0
Handcrafted Weights	90	2.0
MCTS	90	0.0
Aai	91	0.5
Handcrafted Weights	91	0.5
MCTS	91	0.0
Aai	92	0.0
Handcrafted Weights	92	0.0
MCTS	92	0.5
Aai	93	2.0
Handcrafted Weights	93	0.5
MCTS	93	0.5
Aai	94	3.0
Handcrafted Weights	94	1.0
MCTS	94	0.5
Aai	95	0.5
Handcrafted Weights	95	0.5
MCTS	95	2.0
Aai	96	3.0
Handcrafted Weights	96	0.5
MCTS	96	0.5
Aai	97	3.0
Handcrafted Weights	97	0.0
MCTS	97	0.5
Aai	98	0.5
Handcrafted Weights	98	0.0
MCTS	98	0.5
Aai	99	0.0
Handcrafted Weights	99	1.0
MCTS	99	0.5
Aai	100	2.0
Handcrafted Weights	100	0.5
MCTS	100	0.0
Aai	101	3.0
Handcrafted Weights	101	0.0
MCTS	101	0.5
Aai	102	2.0
Handcrafted Weights	102	0.0
MCTS	102	0.5
Aai	103	3.0
Handcrafted Weights	103	0.5
MCTS	103	2.0
Aai	104	0.0
Handcrafted Weights	104	0.0
MCTS	104	0.5
Aai	105	0.0
Handcrafted Weights	105	0.0
MCTS	105	0.0
Aai	106	2.0
Handcrafted Weights	106	1.0
MCTS	106	0.5
Aai	107	1.0
Handcrafted Weights	107	0.5
MCTS	107	0.5
Aai	108	3.0
Handcrafted Weights	108	0.5
MCTS	108	0.0
Aai	109	1.0
Handcrafted Weights	109	0.5
MCTS	109	0.5
Aai	110	1.0
Handcrafted Weights	110	2.0
MCTS	110	0.0
Aai	111	2.0
Handcrafted Weights	111	0.0
MCTS	111	0.5
Aai	112	1.0
Handcrafted Weights	112	0.0
MCTS	112	0.5
Aai	113	0.5
Handcrafted Weights	113	0.5
MCTS	113	0.5
Aai	114	0.0
Handcrafted Weights	114	0.0
MCTS	114	0.5
Aai	115	0.5
Handcrafted Weights	115	0.5
MCTS	115	0.5
Aai	116	2.0
Handcrafted Weights	116	0.0
MCTS	116	0.5
Aai	117	1.0
Handcrafted Weights	117	0.5
MCTS	117	2.0
Aai	118	1.0
Handcrafted Weights	118	0.5
MCTS	118	2.0
Aai	119	3.0
Handcrafted Weights	119	0.5
MCTS	119	0.5
Aai	120	0.0
Handcrafted Weights	120	0.0
MCTS	120	0.5
Aai	121	1.0
Handcrafted Weights	121	0.0
MCTS	121	0.5
Aai	122	0.0
Handcrafted Weights	122	0.0
MCTS	122	0.5
Aai	123	1.0
Handcrafted Weights	123	0.5
MCTS	123	0.5
Aai	124	0.5
Handcrafted Weights	124	0.5
MCTS	124	0.5
Aai	125	0.5
Handcrafted Weights	125	0.5
MCTS	125	0.5
Aai	126	1.0
Handcrafted Weights	126	0.0
MCTS	126	0.5
Aai	127	3.0
Handcrafted Weights	127	2.0
MCTS	127	0.5
Aai	128	3.0
Handcrafted Weights	128	0.0
MCTS	128	0.5
Aai	129	2.0
Handcrafted Weights	129	1.0
MCTS	129	0.5
Aai	130	0.5
Handcrafted Weights	130	0.0
MCTS	130	0.5
Aai	131	0.0
Handcrafted Weights	131	0.5
MCTS	131	0.5
Aai	132	0.0
Handcrafted Weights	132	0.0
MCTS	132	2.0
Aai	133	0.5
Handcrafted Weights	133	0.5
MCTS	133	2.0
Aai	134	2.0
Handcrafted Weights	134	0.5
MCTS	134	0.5
Aai	135	0.5
Handcrafted Weights	135	0.0
MCTS	135	0.5
Aai	136	1.0
Handcrafted Weights	136	0.5
MCTS	136	2.0
Aai	137	3.0
Handcrafted Weights	137	0.0
MCTS	137	0.5
Aai	138	0.5
Handcrafted Weights	138	0.0
MCTS	138	0.5
Aai	139	0.0
Handcrafted Weights	139	0.0
MCTS	139	0.0
Aai	140	1.0
Handcrafted Weights	140	0.5
MCTS	140	2.0
Aai	141	1.5
Handcrafted Weights	141	0.0
MCTS	141	0.0
Aai	142	1.0
Handcrafted Weights	142	0.5
MCTS	142	2.0
Aai	143	3.0
Handcrafted Weights	143	0.5
MCTS	143	2.0
Aai	144	2.0
Handcrafted Weights	144	0.5
MCTS	144	0.5
Aai	145	1.0
Handcrafted Weights	145	0.5
MCTS	145	0.5
Aai	146	1.0
Handcrafted Weights	146	0.0
MCTS	146	0.5
Aai	147	0.0
Handcrafted Weights	147	0.5
MCTS	147	0.0
Aai	148	0.0
Handcrafted Weights	148	1.0
MCTS	148	2.0
Aai	149	0.5
Handcrafted Weights	149	0.5
MCTS	149	0.5
Aai	150	0.5
Handcrafted Weights	150	0.5
MCTS	150	0.5
Aai	151	0.5
Handcrafted Weights	151	2.0
MCTS	151	0.5
Aai	152	1.0
Handcrafted Weights	152	0.0
MCTS	152	0.5
Aai	153	1.0
Handcrafted Weights	153	0.5
MCTS	153	2.0
Aai	154	0.5
Handcrafted Weights	154	0.0
MCTS	154	0.5
Aai	155	0.0
Handcrafted Weights	155	0.0
MCTS	155	0.5
Aai	156	2.0
Handcrafted Weights	156	0.0
MCTS	156	0.5
Aai	157	0.0
Handcrafted Weights	157	0.0
MCTS	157	0.0
Aai	158	0.0
Handcrafted Weights	158	0.0
MCTS	158	2.0
Aai	159	0.0
Handcrafted Weights	159	0.0
MCTS	159	2.0
Aai	160	0.0
Handcrafted Weights	160	0.5
MCTS	160	0.0
Aai	161	1.0
Handcrafted Weights	161	0.5
MCTS	161	0.5
Aai	162	0.0
Handcrafted Weights	162	1.0
MCTS	162	0.5
Aai	163	0.0
Handcrafted Weights	163	0.0
MCTS	163	0.5
Aai	164	0.5
Handcrafted Weights	164	0.5
MCTS	164	0.5
Aai	165	0.0
Handcrafted Weights	165	0.0
MCTS	165	0.5
Aai	166	0.0
Handcrafted Weights	166	0.0
MCTS	166	0.5
Aai	167	1.5
Handcrafted Weights	167	0.5
MCTS	167	0.5
Aai	168	1.0
Handcrafted Weights	168	0.0
MCTS	168	0.5
Aai	169	0.0
Handcrafted Weights	169	0.0
MCTS	169	2.0
Aai	170	0.0
Handcrafted Weights	170	0.0
MCTS	170	0.5
Aai	171	1.0
Handcrafted Weights	171	1.5
MCTS	171	0.5
Aai	172	2.0
Handcrafted Weights	172	1.0
MCTS	172	2.0
Aai	173	1.0
Handcrafted Weights	173	0.0
MCTS	173	0.5
Aai	174	1.0
Handcrafted Weights	174	0.0
MCTS	174	0.5
Aai	175	3.0
Handcrafted Weights	175	1.5
MCTS	175	0.5
Aai	176	3.0
Handcrafted Weights	176	2.0
MCTS	176	2.0
Aai	177	0.5
Handcrafted Weights	177	0.0
MCTS	177	0.5
Aai	178	2.0
Handcrafted Weights	178	0.0
MCTS	178	0.5
Aai	179	0.0
Handcrafted Weights	179	0.5
MCTS	179	0.5
Aai	180	2.0
Handcrafted Weights	180	0.5
MCTS	180	0.5
Aai	181	2.0
Handcrafted Weights	181	0.5
MCTS	181	0.5
Aai	182	2.0
Handcrafted Weights	182	0.0
MCTS	182	0.5
Aai	183	0.0
Handcrafted Weights	183	0.0
MCTS	183	0.0
Aai	184	3.0
Handcrafted Weights	184	0.0
MCTS	184	0.5
Aai	185	0.0
Handcrafted Weights	185	0.0
MCTS	185	0.5
Aai	186	2.0
Handcrafted Weights	186	0.0
MCTS	186	3.0
Aai	187	1.0
Handcrafted Weights	187	0.0
MCTS	187	0.5
Aai	188	1.0
Handcrafted Weights	188	0.5
MCTS	188	0.5
Aai	189	1.0
Handcrafted Weights	189	1.5
MCTS	189	0.5
Aai	190	2.0
Handcrafted Weights	190	0.5
MCTS	190	0.0
Aai	191	0.5
Handcrafted Weights	191	1.0
MCTS	191	0.5
Aai	192	2.0
Handcrafted Weights	192	0.5
MCTS	192	0.5
Aai	193	2.0
Handcrafted Weights	193	0.0
MCTS	193	0.0
Aai	194	0.5
Handcrafted Weights	194	0.0
MCTS	194	0.5
Aai	195	3.0
Handcrafted Weights	195	0.0
MCTS	195	2.0
Aai	196	0.0
Handcrafted Weights	196	0.5
MCTS	196	0.5
Aai	197	0.5
Handcrafted Weights	197	0.5
MCTS	197	1.0
Aai	198	0.0
Handcrafted Weights	198	0.0
MCTS	198	1.5
Aai	199	0.5
Handcrafted Weights	199	0.0
MCTS	199	0.5
Aai	200	2.0
Handcrafted Weights	200	0.5
MCTS	200	0.5
Aai	201	2.0
Handcrafted Weights	201	0.5
MCTS	201	0.5
Aai	202	1.0
Handcrafted Weights	202	0.0
MCTS	202	0.5
Aai	203	0.0
Handcrafted Weights	203	0.0
MCTS	203	0.5
Aai	204	0.0
Handcrafted Weights	204	0.0
MCTS	204	0.0
Aai	205	0.5
Handcrafted Weights	205	0.0
MCTS	205	0.5
Aai	206	3.0
Handcrafted Weights	206	1.0
MCTS	206	0.5
Aai	207	0.5
Handcrafted Weights	207	0.5
MCTS	207	0.5
Aai	208	0.5
Handcrafted Weights	208	0.5
MCTS	208	0.5
Aai	209	0.5
Handcrafted Weights	209	0.5
MCTS	209	0.5
Aai	210	2.0
Handcrafted Weights	210	0.0
MCTS	210	2.0
Aai	211	0.5
Handcrafted Weights	211	0.0
MCTS	211	0.5
Aai	212	0.5
Handcrafted Weights	212	0.0
MCTS	212	0.5
Aai	213	0.5
Handcrafted Weights	213	1.5
MCTS	213	0.5
Aai	214	1.0
Handcrafted Weights	214	0.0
MCTS	214	0.5
Aai	215	2.0
Handcrafted Weights	215	0.5
MCTS	215	0.5
Aai	216	2.0
Handcrafted Weights	216	1.5
MCTS	216	0.0
Aai	217	2.0
Handcrafted Weights	217	0.0
MCTS	217	0.5
Aai	218	0.0
Handcrafted Weights	218	0.5
MCTS	218	0.5
Aai	219	2.0
Handcrafted Weights	219	0.5
MCTS	219	0.0
Aai	220	2.0
Handcrafted Weights	220	0.0
MCTS	220	0.5
Aai	221	0.5
Handcrafted Weights	221	0.0
MCTS	221	0.5
Aai	222	1.0
Handcrafted Weights	222	0.0
MCTS	222	0.0
Aai	223	0.5
Handcrafted Weights	223	0.5
MCTS	223	0.5
Aai	224	3.0
Handcrafted Weights	224	0.0
MCTS	224	0.5
Aai	225	2.0
Handcrafted Weights	225	0.0
MCTS	225	0.5
Aai	226	2.0
Handcrafted Weights	226	1.5
MCTS	226	0.5
Aai	227	0.5
Handcrafted Weights	227	0.0
MCTS	227	0.5
Aai	228	0.0
Handcrafted Weights	228	1.0
MCTS	228	0.5
Aai	229	0.0
Handcrafted Weights	229	0.0
MCTS	229	0.5
Aai	230	0.5
Handcrafted Weights	230	0.0
MCTS	230	0.5
Aai	231	0.5
Handcrafted Weights	231	0.0
MCTS	231	0.0
Aai	232	3.0
Handcrafted Weights	232	0.0
MCTS	232	2.0
Aai	233	0.0
Handcrafted Weights	233	0.5
MCTS	233	0.0
Aai	234	0.0
Handcrafted Weights	234	0.5
MCTS	234	0.5
Aai	235	1.0
Handcrafted Weights	235	0.0
MCTS	235	0.0
Aai	236	0.0
Handcrafted Weights	236	0.0
MCTS	236	0.5
Aai	237	1.0
Handcrafted Weights	237	0.0
MCTS	237	0.5
Aai	238	0.0
Handcrafted Weights	238	0.5
MCTS	238	0.0
Aai	239	3.0
Handcrafted Weights	239	1.5
MCTS	239	1.0
Aai	240	0.5
Handcrafted Weights	240	0.0
MCTS	240	0.0
Aai	241	2.0
Handcrafted Weights	241	0.0
MCTS	241	0.5
Aai	242	0.0
Handcrafted Weights	242	0.0
MCTS	242	0.5
Aai	243	3.0
Handcrafted Weights	243	1.5
MCTS	243	2.0
Aai	244	1.0
Handcrafted Weights	244	0.0
MCTS	244	0.5
Aai	245	0.0
Handcrafted Weights	245	0.0
MCTS	245	0.5
Aai	246	0.0
Handcrafted Weights	246	0.5
MCTS	246	2.0
Aai	247	0.5
Handcrafted Weights	247	0.5
MCTS	247	0.5
Aai	248	1.0
Handcrafted Weights	248	0.0
MCTS	248	0.5
Aai	249	1.0
Handcrafted Weights	249	1.0
MCTS	249	0.5
Aai	250	0.0
Handcrafted Weights	250	0.5
MCTS	250	0.5
Aai	251	3.0
Handcrafted Weights	251	0.0
MCTS	251	0.5
Aai	252	0.5
Handcrafted Weights	252	0.0
MCTS	252	0.0
Aai	253	3.0
Handcrafted Weights	253	0.5
MCTS	253	0.5
Aai	254	3.0
Handcrafted Weights	254	0.0
MCTS	254	0.5
Aai	255	1.0
Handcrafted Weights	255	0.0
MCTS	255	0.5
Aai	256	1.0
Handcrafted Weights	256	0.0
MCTS	256	0.5
Aai	257	1.0
Handcrafted Weights	257	0.0
MCTS	257	0.5
Aai	258	1.0
Handcrafted Weights	258	0.0
MCTS	258	0.5
Aai	259	1.0
Handcrafted Weights	259	0.0
MCTS	259	0.5
Aai	260	3.0
Handcrafted Weights	260	0.5
MCTS	260	0.5
Aai	261	3.0
Handcrafted Weights	261	0.5
MCTS	261	0.5
Aai	262	0.0
Handcrafted Weights	262	0.0
MCTS	262	0.5
Aai	263	0.5
Handcrafted Weights	263	0.5
MCTS	263	0.0
Aai	264	0.0
Handcrafted Weights	264	0.0
MCTS	264	0.5
Aai	265	2.0
Handcrafted Weights	265	0.5
MCTS	265	0.5
Aai	266	0.5
Handcrafted Weights	266	0.5
MCTS	266	0.5
Aai	267	0.0
Handcrafted Weights	267	1.0
MCTS	267	0.5
Aai	268	2.0
Handcrafted Weights	268	0.5
MCTS	268	0.5
Aai	269	2.0
Handcrafted Weights	269	2.0
MCTS	269	0.0
Aai	270	0.0
Handcrafted Weights	270	0.0
MCTS	270	0.0
Aai	271	2.0
Handcrafted Weights	271	0.0
MCTS	271	0.5
Aai	272	0.0
Handcrafted Weights	272	0.5
MCTS	272	0.0
Aai	273	0.5
Handcrafted Weights	273	0.5
MCTS	273	2.0
Aai	274	3.0
Handcrafted Weights	274	0.5
MCTS	274	0.5
Aai	275	0.0
Handcrafted Weights	275	0.0
MCTS	275	1.0
Aai	276	0.5
Handcrafted Weights	276	0.0
MCTS	276	0.5
Aai	277	0.5
Handcrafted Weights	277	0.0
MCTS	277	0.5
Aai	278	0.0
Handcrafted Weights	278	0.0
MCTS	278	2.0
Aai	279	2.0
Handcrafted Weights	279	0.0
MCTS	279	0.5
Aai	280	2.0
Handcrafted Weights	280	0.5
MCTS	280	0.5
Aai	281	1.0
Handcrafted Weights	281	0.0
MCTS	281	0.0
Aai	282	0.0
Handcrafted Weights	282	0.0
MCTS	282	2.0
Aai	283	0.0
Handcrafted Weights	283	0.5
MCTS	283	0.5
Aai	284	1.5
Handcrafted Weights	284	0.5
MCTS	284	0.5
Aai	285	0.5
Handcrafted Weights	285	0.0
MCTS	285	0.5
Aai	286	2.0
Handcrafted Weights	286	0.5
MCTS	286	2.0
Aai	287	0.5
Handcrafted Weights	287	1.0
MCTS	287	0.5
Aai	288	2.0
Handcrafted Weights	288	0.0
MCTS	288	2.0
Aai	289	0.0
Handcrafted Weights	289	0.5
MCTS	289	0.5
Aai	290	1.0
Handcrafted Weights	290	0.0
MCTS	290	2.0
Aai	291	1.0
Handcrafted Weights	291	0.0
MCTS	291	2.0
Aai	292	0.5
Handcrafted Weights	292	0.0
MCTS	292	0.5
Aai	293	0.0
Handcrafted Weights	293	0.0
MCTS	293	0.5
Aai	294	0.5
Handcrafted Weights	294	0.0
MCTS	294	2.0
Aai	295	0.5
Handcrafted Weights	295	0.5
MCTS	295	0.0
Aai	296	0.0
Handcrafted Weights	296	1.5
MCTS	296	2.0
Aai	297	2.0
Handcrafted Weights	297	0.5
MCTS	297	0.5
Aai	298	0.0
Handcrafted Weights	298	0.5
MCTS	298	0.5
Aai	299	0.5
Handcrafted Weights	299	0.5
MCTS	299	0.0
Aai	300	3.0
Handcrafted Weights	300	1.0
MCTS	300	0.5
Aai	301	2.0
Handcrafted Weights	301	0.0
MCTS	301	2.0
Aai	302	0.5
Handcrafted Weights	302	0.0
MCTS	302	0.5
Aai	303	2.0
Handcrafted Weights	303	1.0
MCTS	303	0.5
Aai	304	1.0
Handcrafted Weights	304	1.0
MCTS	304	0.5
Aai	305	0.0
Handcrafted Weights	305	0.5
MCTS	305	0.0
Aai	306	2.0
Handcrafted Weights	306	0.0
MCTS	306	0.5
Aai	307	0.0
Handcrafted Weights	307	0.0
MCTS	307	0.5
Aai	308	0.0
Handcrafted Weights	308	2.0
MCTS	308	0.5
Aai	309	0.0
Handcrafted Weights	309	0.0
MCTS	309	0.5
Aai	310	0.0
Handcrafted Weights	310	0.0
MCTS	310	0.0
Aai	311	1.0
Handcrafted Weights	311	1.5
MCTS	311	0.5
Aai	312	2.0
Handcrafted Weights	312	0.0
MCTS	312	0.5
Aai	313	2.0
Handcrafted Weights	313	0.0
MCTS	313	0.5
Aai	314	2.0
Handcrafted Weights	314	0.0
MCTS	314	0.5
Aai	315	2.0
Handcrafted Weights	315	0.0
MCTS	315	0.0
Aai	316	0.0
Handcrafted Weights	316	0.0
MCTS	316	0.5
Aai	317	0.5
Handcrafted Weights	317	0.5
MCTS	317	0.5
Aai	318	3.0
Handcrafted Weights	318	1.5
MCTS	318	0.5
Aai	319	2.0
Handcrafted Weights	319	0.0
MCTS	319	0.5
Aai	320	0.0
Handcrafted Weights	320	0.0
MCTS	320	1.0
Aai	321	0.0
Handcrafted Weights	321	0.0
MCTS	321	1.0
Aai	322	2.0
Handcrafted Weights	322	1.5
MCTS	322	0.5
Aai	323	1.0
Handcrafted Weights	323	0.5
MCTS	323	0.5
Aai	324	1.0
Handcrafted Weights	324	0.5
MCTS	324	2.0
Aai	325	0.5
Handcrafted Weights	325	0.5
MCTS	325	0.5
Aai	326	0.0
Handcrafted Weights	326	0.0
MCTS	326	0.5
Aai	327	1.0
Handcrafted Weights	327	0.0
MCTS	327	0.5
Aai	328	1.0
Handcrafted Weights	328	0.5
MCTS	328	0.5
Aai	329	0.0
Handcrafted Weights	329	0.0
MCTS	329	0.5
Aai	330	0.0
Handcrafted Weights	330	0.0
MCTS	330	0.5
Aai	331	1.5
Handcrafted Weights	331	0.0
MCTS	331	2.0
Aai	332	0.5
Handcrafted Weights	332	0.5
MCTS	332	0.5
Aai	333	0.5
Handcrafted Weights	333	0.0
MCTS	333	0.5
Aai	334	0.0
Handcrafted Weights	334	0.0
MCTS	334	0.5
Aai	335	2.0
Handcrafted Weights	335	0.0
MCTS	335	0.5
Aai	336	1.0
Handcrafted Weights	336	0.5
MCTS	336	0.0
Aai	337	1.0
Handcrafted Weights	337	0.5
MCTS	337	0.5
Aai	338	1.0
Handcrafted Weights	338	0.5
MCTS	338	0.5
Aai	339	0.5
Handcrafted Weights	339	0.5
MCTS	339	0.0
Aai	340	0.0
Handcrafted Weights	340	1.0
MCTS	340	0.5
Aai	341	3.0
Handcrafted Weights	341	0.0
MCTS	341	0.5
Aai	342	0.0
Handcrafted Weights	342	0.0
MCTS	342	0.5
Aai	343	2.0
Handcrafted Weights	343	0.0
MCTS	343	0.5
Aai	344	0.5
Handcrafted Weights	344	0.0
MCTS	344	1.0
Aai	345	0.0
Handcrafted Weights	345	0.5
MCTS	345	0.5
Aai	346	3.0
Handcrafted Weights	346	0.5
MCTS	346	0.5
Aai	347	0.5
Handcrafted Weights	347	0.5
MCTS	347	0.5
Aai	348	0.0
Handcrafted Weights	348	0.0
MCTS	348	0.0
Aai	349	1.0
Handcrafted Weights	349	0.0
MCTS	349	0.5
Aai	350	0.0
Handcrafted Weights	350	0.5
MCTS	350	0.0
Aai	351	1.0
Handcrafted Weights	351	0.5
MCTS	351	0.5
Aai	352	0.5
Handcrafted Weights	352	0.5
MCTS	352	0.5
Aai	353	0.5
Handcrafted Weights	353	0.0
MCTS	353	2.0
Aai	354	0.0
Handcrafted Weights	354	0.0
MCTS	354	0.5
Aai	355	0.0
Handcrafted Weights	355	0.5
MCTS	355	0.5
Aai	356	0.5
Handcrafted Weights	356	0.0
MCTS	356	2.0
Aai	357	1.0
Handcrafted Weights	357	0.0
MCTS	357	2.0
Aai	358	0.5
Handcrafted Weights	358	0.5
MCTS	358	0.5
Aai	359	0.0
Handcrafted Weights	359	0.5
MCTS	359	0.5
Aai	360	0.5
Handcrafted Weights	360	1.0
MCTS	360	0.0
Aai	361	0.5
Handcrafted Weights	361	0.5
MCTS	361	0.5
Aai	362	2.0
Handcrafted Weights	362	0.0
MCTS	362	0.5
Aai	363	3.0
Handcrafted Weights	363	0.5
MCTS	363	0.0
Aai	364	0.0
Handcrafted Weights	364	0.5
MCTS	364	0.5
Aai	365	1.0
Handcrafted Weights	365	0.0
MCTS	365	0.0
Aai	366	3.0
Handcrafted Weights	366	0.5
MCTS	366	2.0
Aai	367	1.0
Handcrafted Weights	367	0.0
MCTS	367	0.5
Aai	368	1.0
Handcrafted Weights	368	0.0
MCTS	368	1.0
Aai	369	3.0
Handcrafted Weights	369	0.0
MCTS	369	0.5
Aai	370	0.0
Handcrafted Weights	370	0.0
MCTS	370	0.5
Aai	371	3.0
Handcrafted Weights	371	0.0
MCTS	371	0.5
Aai	372	2.0
Handcrafted Weights	372	0.5
MCTS	372	2.0
Aai	373	0.5
Handcrafted Weights	373	0.0
MCTS	373	0.5
Aai	374	2.0
Handcrafted Weights	374	0.5
MCTS	374	0.5
Aai	375	2.0
Handcrafted Weights	375	1.5
MCTS	375	0.0
Aai	376	1.0
Handcrafted Weights	376	0.5
MCTS	376	2.0
Aai	377	0.5
Handcrafted Weights	377	0.0
MCTS	377	0.0
Aai	378	3.0
Handcrafted Weights	378	0.5
MCTS	378	2.0
Aai	379	0.5
Handcrafted Weights	379	0.0
MCTS	379	2.0
Aai	380	0.0
Handcrafted Weights	380	0.0
MCTS	380	0.5
Aai	381	1.0
Handcrafted Weights	381	0.0
MCTS	381	0.5
Aai	382	1.0
Handcrafted Weights	382	0.0
MCTS	382	0.5
Aai	383	0.5
Handcrafted Weights	383	0.0
MCTS	383	0.5
Aai	384	3.0
Handcrafted Weights	384	0.5
MCTS	384	0.0
Aai	385	1.0
Handcrafted Weights	385	0.0
MCTS	385	2.0
Aai	386	0.5
Handcrafted Weights	386	0.0
MCTS	386	0.5
Aai	387	0.0
Handcrafted Weights	387	0.5
MCTS	387	0.5
Aai	388	2.0
Handcrafted Weights	388	0.5
MCTS	388	2.0
Aai	389	2.0
Handcrafted Weights	389	0.0
MCTS	389	0.5
Aai	390	1.0
Handcrafted Weights	390	0.0
MCTS	390	0.5
Aai	391	1.0
Handcrafted Weights	391	0.0
MCTS	391	0.5
Aai	392	3.0
Handcrafted Weights	392	0.0
MCTS	392	0.0
Aai	393	0.5
Handcrafted Weights	393	0.0
MCTS	393	2.0
Aai	394	0.5
Handcrafted Weights	394	0.0
MCTS	394	0.5
Aai	395	2.0
Handcrafted Weights	395	1.5
MCTS	395	0.5
Aai	396	1.0
Handcrafted Weights	396	0.5
MCTS	396	0.5
Aai	397	3.0
Handcrafted Weights	397	0.5
MCTS	397	0.5
Aai	398	3.0
Handcrafted Weights	398	0.0
MCTS	398	0.5
Aai	399	0.5
Handcrafted Weights	399	0.0
MCTS	399	2.0
Aai	400	0.5
Handcrafted Weights	400	0.5
MCTS	400	0.5
Aai	401	0.0
Handcrafted Weights	401	0.5
MCTS	401	0.5
Aai	402	3.0
Handcrafted Weights	402	0.0
MCTS	402	0.5
Aai	403	3.0
Handcrafted Weights	403	0.0
MCTS	403	2.0
Aai	404	0.0
Handcrafted Weights	404	0.5
MCTS	404	0.5
Aai	405	2.0
Handcrafted Weights	405	0.0
MCTS	405	0.5
Aai	406	0.0
Handcrafted Weights	406	0.5
MCTS	406	0.5
Aai	407	0.5
Handcrafted Weights	407	0.0
MCTS	407	0.5
Aai	408	2.0
Handcrafted Weights	408	1.0
MCTS	408	0.5
Aai	409	2.0
Handcrafted Weights	409	0.5
MCTS	409	0.5
Aai	410	0.5
Handcrafted Weights	410	0.5
MCTS	410	0.5
Aai	411	0.5
Handcrafted Weights	411	0.0
MCTS	411	0.5
Aai	412	2.0
Handcrafted Weights	412	0.0
MCTS	412	0.0
Aai	413	0.0
Handcrafted Weights	413	0.0
MCTS	413	0.5
Aai	414	0.0
Handcrafted Weights	414	0.0
MCTS	414	0.5
Aai	415	0.0
Handcrafted Weights	415	0.5
MCTS	415	0.5
Aai	416	2.0
Handcrafted Weights	416	0.5
MCTS	416	0.5
Aai	417	0.5
Handcrafted Weights	417	0.5
MCTS	417	0.5
Aai	418	0.5
Handcrafted Weights	418	0.0
MCTS	418	0.5
Aai	419	0.5
Handcrafted Weights	419	0.0
MCTS	419	1.0
Aai	420	1.0
Handcrafted Weights	420	0.0
MCTS	420	0.5
Aai	421	1.0
Handcrafted Weights	421	0.5
MCTS	421	0.5
Aai	422	0.5
Handcrafted Weights	422	0.5
MCTS	422	0.5
Aai	423	0.0
Handcrafted Weights	423	0.0
MCTS	423	0.5
Aai	424	0.0
Handcrafted Weights	424	1.5
MCTS	424	2.0
Aai	425	0.5
Handcrafted Weights	425	0.0
MCTS	425	0.5
Aai	426	3.0
Handcrafted Weights	426	0.5
MCTS	426	0.5
Aai	427	0.5
Handcrafted Weights	427	0.0
MCTS	427	0.5
Aai	428	2.0
Handcrafted Weights	428	0.0
MCTS	428	0.5
Aai	429	0.5
Handcrafted Weights	429	0.0
MCTS	429	2.0
Aai	430	2.0
Handcrafted Weights	430	0.5
MCTS	430	0.5
Aai	431	0.5
Handcrafted Weights	431	0.5
MCTS	431	0.5
Aai	432	0.5
Handcrafted Weights	432	0.0
MCTS	432	2.0
Aai	433	0.0
Handcrafted Weights	433	0.0
MCTS	433	0.5
Aai	434	0.0
Handcrafted Weights	434	0.0
MCTS	434	0.5
Aai	435	2.0
Handcrafted Weights	435	0.0
MCTS	435	0.5
Aai	436	1.0
Handcrafted Weights	436	0.0
MCTS	436	0.0
Aai	437	3.0
Handcrafted Weights	437	0.0
MCTS	437	0.0
Aai	438	0.0
Handcrafted Weights	438	0.5
MCTS	438	0.5
Aai	439	2.0
Handcrafted Weights	439	0.5
MCTS	439	0.5
Aai	440	2.0
Handcrafted Weights	440	0.5
MCTS	440	0.0
Aai	441	2.0
Handcrafted Weights	441	0.0
MCTS	441	0.5
Aai	442	0.0
Handcrafted Weights	442	0.0
MCTS	442	0.5
Aai	443	2.0
Handcrafted Weights	443	0.0
MCTS	443	0.5
Aai	444	2.0
Handcrafted Weights	444	0.5
MCTS	444	0.0
Aai	445	0.0
Handcrafted Weights	445	0.0
MCTS	445	0.5
Aai	446	1.0
Handcrafted Weights	446	0.0
MCTS	446	0.5
Aai	447	2.0
Handcrafted Weights	447	0.0
MCTS	447	0.5
Aai	448	1.0
Handcrafted Weights	448	0.0
MCTS	448	0.5
Aai	449	1.0
Handcrafted Weights	449	0.5
MCTS	449	0.5
Aai	450	1.0
Handcrafted Weights	450	0.5
MCTS	450	0.5
Aai	451	2.0
Handcrafted Weights	451	0.0
MCTS	451	0.5
Aai	452	2.0
Handcrafted Weights	452	0.0
MCTS	452	0.0
Aai	453	2.0
Handcrafted Weights	453	0.5
MCTS	453	0.5
Aai	454	0.0
Handcrafted Weights	454	0.0
MCTS	454	0.5
Aai	455	1.0
Handcrafted Weights	455	0.0
MCTS	455	0.5
Aai	456	2.0
Handcrafted Weights	456	0.0
MCTS	456	0.5
Aai	457	0.5
Handcrafted Weights	457	0.0
MCTS	457	0.5
Aai	458	1.0
Handcrafted Weights	458	0.5
MCTS	458	0.5
Aai	459	2.0
Handcrafted Weights	459	0.0
MCTS	459	0.5
Aai	460	0.5
Handcrafted Weights	460	0.5
MCTS	460	0.5
Aai	461	0.0
Handcrafted Weights	461	0.0
MCTS	461	0.5
Aai	462	2.0
Handcrafted Weights	462	0.0
MCTS	462	0.5
Aai	463	1.0
Handcrafted Weights	463	0.5
MCTS	463	0.5
Aai	464	2.0
Handcrafted Weights	464	0.0
MCTS	464	0.5
Aai	465	0.0
Handcrafted Weights	465	0.0
MCTS	465	0.5
Aai	466	0.5
Handcrafted Weights	466	0.0
MCTS	466	0.5
Aai	467	2.0
Handcrafted Weights	467	0.0
MCTS	467	1.0
Aai	468	1.0
Handcrafted Weights	468	0.0
MCTS	468	0.5
Aai	469	0.0
Handcrafted Weights	469	0.5
MCTS	469	0.5
Aai	470	0.0
Handcrafted Weights	470	0.5
MCTS	470	0.5
Aai	471	0.5
Handcrafted Weights	471	0.0
MCTS	471	2.0
Aai	472	0.0
Handcrafted Weights	472	0.0
MCTS	472	0.5
Aai	473	1.0
Handcrafted Weights	473	0.5
MCTS	473	0.5
Aai	474	0.5
Handcrafted Weights	474	0.0
MCTS	474	0.5
Aai	475	0.0
Handcrafted Weights	475	0.5
MCTS	475	2.0
Aai	476	2.0
Handcrafted Weights	476	0.0
MCTS	476	0.5
Aai	477	0.5
Handcrafted Weights	477	0.5
MCTS	477	0.5
Aai	478	1.0
Handcrafted Weights	478	0.0
MCTS	478	0.5
Aai	479	1.0
Handcrafted Weights	479	0.5
MCTS	479	0.5
Aai	480	0.0
Handcrafted Weights	480	0.0
MCTS	480	0.5
Aai	481	0.5
Handcrafted Weights	481	1.5
MCTS	481	0.5
Aai	482	0.0
Handcrafted Weights	482	1.5
MCTS	482	0.5
Aai	483	1.0
Handcrafted Weights	483	0.5
MCTS	483	0.5
Aai	484	1.0
Handcrafted Weights	484	0.0
MCTS	484	2.0
Aai	485	1.0
Handcrafted Weights	485	0.0
MCTS	485	0.5
Aai	486	0.5
Handcrafted Weights	486	0.0
MCTS	486	0.5
Aai	487	2.0
Handcrafted Weights	487	0.5
MCTS	487	1.5
Aai	488	1.0
Handcrafted Weights	488	0.0
MCTS	488	0.5
Aai	489	0.0
Handcrafted Weights	489	0.0
MCTS	489	3.0
Aai	490	3.0
Handcrafted Weights	490	0.5
MCTS	490	0.5
Aai	491	0.5
Handcrafted Weights	491	0.0
MCTS	491	0.5
Aai	492	0.0
Handcrafted Weights	492	0.0
MCTS	492	0.5
Aai	493	0.0
Handcrafted Weights	493	1.0
MCTS	493	0.5
Aai	494	0.0
Handcrafted Weights	494	0.0
MCTS	494	0.5
Aai	495	2.0
Handcrafted Weights	495	0.0
MCTS	495	0.0
Aai	496	2.0
Handcrafted Weights	496	0.0
MCTS	496	0.5
Aai	497	0.0
Handcrafted Weights	497	0.5
MCTS	497	0.5
Aai	498	0.5
Handcrafted Weights	498	0.0
MCTS	498	0.5
Aai	499	0.5
Handcrafted Weights	499	0.5
MCTS	499	0.5
Aai	500	0.5
Handcrafted Weights	500	0.5
MCTS	500	0.5
Aai	501	1.0
Handcrafted Weights	501	0.0
MCTS	501	0.5
Aai	502	0.0
Handcrafted Weights	502	0.5
MCTS	502	0.5
Aai	503	1.0
Handcrafted Weights	503	1.0
MCTS	503	0.5
Aai	504	1.0
Handcrafted Weights	504	0.0
MCTS	504	0.0
Aai	505	0.5
Handcrafted Weights	505	0.0
MCTS	505	0.5
Aai	506	2.0
Handcrafted Weights	506	0.0
MCTS	506	0.0
Aai	507	0.5
Handcrafted Weights	507	0.0
MCTS	507	2.0
Aai	508	0.0
Handcrafted Weights	508	0.5
MCTS	508	0.5
Aai	509	1.0
Handcrafted Weights	509	0.0
MCTS	509	0.5
Aai	510	2.0
Handcrafted Weights	510	0.5
MCTS	510	0.5
Aai	511	2.0
Handcrafted Weights	511	0.0
MCTS	511	0.5
Aai	512	0.5
Handcrafted Weights	512	0.5
MCTS	512	0.5
Aai	513	0.0
Handcrafted Weights	513	1.5
MCTS	513	0.5
Aai	514	3.0
Handcrafted Weights	514	0.0
MCTS	514	0.5
Aai	515	0.5
Handcrafted Weights	515	1.0
MCTS	515	0.5
Aai	516	0.0
Handcrafted Weights	516	2.0
MCTS	516	2.0
Aai	517	1.0
Handcrafted Weights	517	0.0
MCTS	517	0.5
Aai	518	0.5
Handcrafted Weights	518	0.0
MCTS	518	0.0
Aai	519	3.0
Handcrafted Weights	519	0.5
MCTS	519	1.0
Aai	520	2.0
Handcrafted Weights	520	0.0
MCTS	520	0.5
Aai	521	1.0
Handcrafted Weights	521	0.0
MCTS	521	0.5
Aai	522	0.0
Handcrafted Weights	522	0.5
MCTS	522	0.5
Aai	523	2.0
Handcrafted Weights	523	0.5
MCTS	523	2.0
Aai	524	2.0
Handcrafted Weights	524	0.5
MCTS	524	0.5
Aai	525	3.0
Handcrafted Weights	525	0.0
MCTS	525	0.5
Aai	526	2.0
Handcrafted Weights	526	0.0
MCTS	526	2.0
Aai	527	0.0
Handcrafted Weights	527	0.0
MCTS	527	0.5
Aai	528	3.0
Handcrafted Weights	528	0.0
MCTS	528	0.5
Aai	529	1.0
Handcrafted Weights	529	0.5
MCTS	529	0.5
Aai	530	0.5
Handcrafted Weights	530	0.0
MCTS	530	0.5
Aai	531	1.0
Handcrafted Weights	531	0.5
MCTS	531	2.0
Aai	532	0.0
Handcrafted Weights	532	0.0
MCTS	532	0.5
Aai	533	0.0
Handcrafted Weights	533	0.5
MCTS	533	0.5
Aai	534	0.0
Handcrafted Weights	534	0.5
MCTS	534	0.5
Aai	535	0.0
Handcrafted Weights	535	0.5
MCTS	535	0.5
Aai	536	2.0
Handcrafted Weights	536	1.0
MCTS	536	2.0
Aai	537	1.0
Handcrafted Weights	537	0.0
MCTS	537	0.5
Aai	538	0.5
Handcrafted Weights	538	0.0
MCTS	538	0.5
Aai	539	0.5
Handcrafted Weights	539	0.0
MCTS	539	0.5
Aai	540	0.0
Handcrafted Weights	540	0.5
MCTS	540	2.0
Aai	541	2.0
Handcrafted Weights	541	1.0
MCTS	541	0.5
Aai	542	0.0
Handcrafted Weights	542	1.0
MCTS	542	0.5
Aai	543	2.0
Handcrafted Weights	543	0.5
MCTS	543	2.0
Aai	544	1.0
Handcrafted Weights	544	0.0
MCTS	544	0.5
Aai	545	0.0
Handcrafted Weights	545	0.0
MCTS	545	0.0
Aai	546	0.0
Handcrafted Weights	546	0.0
MCTS	546	0.5
Aai	547	3.0
Handcrafted Weights	547	0.0
MCTS	547	0.5
Aai	548	0.5
Handcrafted Weights	548	0.5
MCTS	548	0.5
Aai	549	0.0
Handcrafted Weights	549	0.5
MCTS	549	0.5
Aai	550	1.0
Handcrafted Weights	550	0.5
MCTS	550	0.5
Aai	551	1.0
Handcrafted Weights	551	0.5
MCTS	551	0.5
Aai	552	2.0
Handcrafted Weights	552	0.0
MCTS	552	0.0
Aai	553	0.5
Handcrafted Weights	553	0.0
MCTS	553	0.5
Aai	554	3.0
Handcrafted Weights	554	0.0
MCTS	554	0.5
Aai	555	2.0
Handcrafted Weights	555	0.5
MCTS	555	0.5
Aai	556	0.5
Handcrafted Weights	556	0.0
MCTS	556	0.5
Aai	557	0.0
Handcrafted Weights	557	0.0
MCTS	557	0.0
Aai	558	3.0
Handcrafted Weights	558	1.0
MCTS	558	0.5
Aai	559	2.0
Handcrafted Weights	559	0.0
MCTS	559	2.0
Aai	560	0.5
Handcrafted Weights	560	0.5
MCTS	560	0.0
Aai	561	0.5
Handcrafted Weights	561	0.0
MCTS	561	0.0
Aai	562	0.0
Handcrafted Weights	562	0.0
MCTS	562	0.5
Aai	563	3.0
Handcrafted Weights	563	1.5
MCTS	563	0.5
Aai	564	0.0
Handcrafted Weights	564	0.0
MCTS	564	0.5
Aai	565	2.0
Handcrafted Weights	565	0.0
MCTS	565	0.5
Aai	566	3.0
Handcrafted Weights	566	0.0
MCTS	566	0.5
Aai	567	0.5
Handcrafted Weights	567	1.0
MCTS	567	0.5
Aai	568	0.5
Handcrafted Weights	568	0.0
MCTS	568	2.0
Aai	569	0.5
Handcrafted Weights	569	0.0
MCTS	569	0.0
Aai	570	0.0
Handcrafted Weights	570	0.5
MCTS	570	0.5
Aai	571	0.0
Handcrafted Weights	571	0.0
MCTS	571	0.5
Aai	572	0.5
Handcrafted Weights	572	0.5
MCTS	572	0.5
Aai	573	0.5
Handcrafted Weights	573	0.5
MCTS	573	0.5
Aai	574	2.0
Handcrafted Weights	574	0.0
MCTS	574	0.5
Aai	575	0.5
Handcrafted Weights	575	0.0
MCTS	575	0.5
Aai	576	0.5
Handcrafted Weights	576	0.0
MCTS	576	0.5
Aai	577	0.5
Handcrafted Weights	577	0.5
MCTS	577	0.0
Aai	578	0.0
Handcrafted Weights	578	0.5
MCTS	578	0.5
Aai	579	1.0
Handcrafted Weights	579	0.0
MCTS	579	0.5
Aai	580	2.0
Handcrafted Weights	580	0.0
MCTS	580	0.5
Aai	581	1.0
Handcrafted Weights	581	1.0
MCTS	581	0.5
Aai	582	2.0
Handcrafted Weights	582	0.5
MCTS	582	0.5
Aai	583	2.0
Handcrafted Weights	583	0.0
MCTS	583	0.5
Aai	584	2.0
Handcrafted Weights	584	0.0
MCTS	584	0.5
Aai	585	0.0
Handcrafted Weights	585	1.0
MCTS	585	0.5
Aai	586	0.5
Handcrafted Weights	586	0.0
MCTS	586	0.5
Aai	587	3.0
Handcrafted Weights	587	0.5
MCTS	587	2.0
Aai	588	0.5
Handcrafted Weights	588	1.5
MCTS	588	0.5
Aai	589	0.0
Handcrafted Weights	589	0.0
MCTS	589	0.5
Aai	590	1.0
Handcrafted Weights	590	0.0
MCTS	590	0.5
Aai	591	0.0
Handcrafted Weights	591	0.0
MCTS	591	0.5
Aai	592	0.5
Handcrafted Weights	592	0.5
MCTS	592	0.5
Aai	593	0.5
Handcrafted Weights	593	0.0
MCTS	593	0.0
Aai	594	0.5
Handcrafted Weights	594	0.5
MCTS	594	0.5
Aai	595	0.0
Handcrafted Weights	595	0.0
MCTS	595	2.0
Aai	596	2.0
Handcrafted Weights	596	0.0
MCTS	596	0.5
Aai	597	2.0
Handcrafted Weights	597	0.5
MCTS	597	0.5
Aai	598	0.0
Handcrafted Weights	598	0.5
MCTS	598	0.5
Aai	599	0.0
Handcrafted Weights	599	0.0
MCTS	599	0.5
Aai	600	2.0
Handcrafted Weights	600	0.0
MCTS	600	2.0
Aai	601	0.0
Handcrafted Weights	601	0.0
MCTS	601	0.5
Aai	602	1.0
Handcrafted Weights	602	0.0
MCTS	602	2.0
Aai	603	0.0
Handcrafted Weights	603	0.0
MCTS	603	0.5
Aai	604	0.0
Handcrafted Weights	604	1.5
MCTS	604	0.5
Aai	605	1.0
Handcrafted Weights	605	0.5
MCTS	605	0.5
Aai	606	1.0
Handcrafted Weights	606	0.0
MCTS	606	2.0
Aai	607	0.0
Handcrafted Weights	607	0.0
MCTS	607	0.5
Aai	608	0.5
Handcrafted Weights	608	0.0
MCTS	608	0.5
Aai	609	3.0
Handcrafted Weights	609	0.5
MCTS	609	0.5
Aai	610	1.0
Handcrafted Weights	610	0.5
MCTS	610	0.5
Aai	611	0.0
Handcrafted Weights	611	0.0
MCTS	611	0.5
Aai	612	1.0
Handcrafted Weights	612	0.0
MCTS	612	0.5
Aai	613	0.0
Handcrafted Weights	613	0.0
MCTS	613	2.0
Aai	614	0.0
Handcrafted Weights	614	0.0
MCTS	614	0.0
Aai	615	0.5
Handcrafted Weights	615	0.5
MCTS	615	0.5
Aai	616	0.0
Handcrafted Weights	616	0.5
MCTS	616	0.5
Aai	617	0.5
Handcrafted Weights	617	0.5
MCTS	617	2.0
Aai	618	0.5
Handcrafted Weights	618	0.0
MCTS	618	0.5
Aai	619	0.0
Handcrafted Weights	619	0.0
MCTS	619	0.5
Aai	620	0.5
Handcrafted Weights	620	0.0
MCTS	620	0.5
Aai	621	0.0
Handcrafted Weights	621	1.0
MCTS	621	0.5
Aai	622	0.0
Handcrafted Weights	622	0.0
MCTS	622	0.0
Aai	623	0.0
Handcrafted Weights	623	0.0
MCTS	623	2.0
Aai	624	2.0
Handcrafted Weights	624	0.5
MCTS	624	0.5
Aai	625	0.5
Handcrafted Weights	625	2.0
MCTS	625	0.5
Aai	626	2.0
Handcrafted Weights	626	0.0
MCTS	626	0.5
Aai	627	2.0
Handcrafted Weights	627	0.5
MCTS	627	2.0
Aai	628	2.0
Handcrafted Weights	628	1.0
MCTS	628	0.5
Aai	629	1.0
Handcrafted Weights	629	0.0
MCTS	629	0.5
Aai	630	0.0
Handcrafted Weights	630	0.0
MCTS	630	0.5
Aai	631	3.0
Handcrafted Weights	631	0.5
MCTS	631	0.5
Aai	632	0.5
Handcrafted Weights	632	0.0
MCTS	632	0.5
Aai	633	1.0
Handcrafted Weights	633	1.5
MCTS	633	0.5
Aai	634	0.5
Handcrafted Weights	634	0.5
MCTS	634	0.5
Aai	635	1.0
Handcrafted Weights	635	0.0
MCTS	635	0.0
Aai	636	0.0
Handcrafted Weights	636	0.0
MCTS	636	0.5
Aai	637	0.0
Handcrafted Weights	637	0.0
MCTS	637	0.5
Aai	638	1.0
Handcrafted Weights	638	2.0
MCTS	638	0.5
Aai	639	0.0
Handcrafted Weights	639	0.0
MCTS	639	2.0
Aai	640	2.0
Handcrafted Weights	640	0.5
MCTS	640	1.0
Aai	641	0.5
Handcrafted Weights	641	0.5
MCTS	641	0.5
Aai	642	0.0
Handcrafted Weights	642	0.0
MCTS	642	0.0
Aai	643	0.0
Handcrafted Weights	643	0.5
MCTS	643	0.5
Aai	644	2.0
Handcrafted Weights	644	0.0
MCTS	644	0.0
Aai	645	3.0
Handcrafted Weights	645	0.0
MCTS	645	0.5
Aai	646	0.5
Handcrafted Weights	646	0.5
MCTS	646	0.0
Aai	647	1.0
Handcrafted Weights	647	0.0
MCTS	647	0.5
Aai	648	2.0
Handcrafted Weights	648	0.0
MCTS	648	0.0
Aai	649	0.5
Handcrafted Weights	649	1.0
MCTS	649	0.5
Aai	650	2.0
Handcrafted Weights	650	0.5
MCTS	650	0.5
Aai	651	2.0
Handcrafted Weights	651	0.5
MCTS	651	2.0
Aai	652	3.0
Handcrafted Weights	652	0.0
MCTS	652	0.0
Aai	653	0.0
Handcrafted Weights	653	0.0
MCTS	653	2.0
Aai	654	0.5
Handcrafted Weights	654	0.0
MCTS	654	0.5
Aai	655	0.0
Handcrafted Weights	655	0.0
MCTS	655	0.0
Aai	656	0.5
Handcrafted Weights	656	0.5
MCTS	656	0.5
Aai	657	0.0
Handcrafted Weights	657	0.0
MCTS	657	0.0
Aai	658	0.0
Handcrafted Weights	658	0.0
MCTS	658	2.0
Aai	659	0.5
Handcrafted Weights	659	0.0
MCTS	659	2.0
Aai	660	1.0
Handcrafted Weights	660	0.0
MCTS	660	0.5
Aai	661	0.0
Handcrafted Weights	661	0.0
MCTS	661	2.0
Aai	662	1.0
Handcrafted Weights	662	0.0
MCTS	662	2.0
Aai	663	0.0
Handcrafted Weights	663	0.0
MCTS	663	0.5
Aai	664	0.5
Handcrafted Weights	664	0.0
MCTS	664	0.5
Aai	665	0.0
Handcrafted Weights	665	0.5
MCTS	665	0.5
Aai	666	0.0
Handcrafted Weights	666	0.0
MCTS	666	0.5
Aai	667	0.5
Handcrafted Weights	667	0.5
MCTS	667	2.0
Aai	668	0.5
Handcrafted Weights	668	0.0
MCTS	668	0.5
Aai	669	1.0
Handcrafted Weights	669	0.0
MCTS	669	0.5
Aai	670	0.5
Handcrafted Weights	670	0.0
MCTS	670	0.5
Aai	671	0.0
Handcrafted Weights	671	0.5
MCTS	671	0.5
Aai	672	0.0
Handcrafted Weights	672	0.0
MCTS	672	0.0
Aai	673	2.0
Handcrafted Weights	673	0.5
MCTS	673	0.5
Aai	674	0.0
Handcrafted Weights	674	0.0
MCTS	674	0.5
Aai	675	2.0
Handcrafted Weights	675	0.5
MCTS	675	0.5
Aai	676	1.0
Handcrafted Weights	676	0.0
MCTS	676	0.5
Aai	677	0.5
Handcrafted Weights	677	0.0
MCTS	677	0.5
Aai	678	0.0
Handcrafted Weights	678	0.0
MCTS	678	0.0
Aai	679	0.0
Handcrafted Weights	679	1.0
MCTS	679	0.5
Aai	680	3.0
Handcrafted Weights	680	0.0
MCTS	680	0.0
Aai	681	2.0
Handcrafted Weights	681	0.0
MCTS	681	0.5
Aai	682	2.0
Handcrafted Weights	682	0.5
MCTS	682	0.5
Aai	683	0.0
Handcrafted Weights	683	0.0
MCTS	683	0.0
Aai	684	0.5
Handcrafted Weights	684	0.5
MCTS	684	0.5
Aai	685	2.0
Handcrafted Weights	685	0.5
MCTS	685	0.5
Aai	686	0.0
Handcrafted Weights	686	0.5
MCTS	686	2.0
Aai	687	2.0
Handcrafted Weights	687	0.0
MCTS	687	0.0
Aai	688	0.0
Handcrafted Weights	688	0.5
MCTS	688	0.5
Aai	689	0.5
Handcrafted Weights	689	0.0
MCTS	689	2.0
Aai	690	0.0
Handcrafted Weights	690	0.5
MCTS	690	2.0
Aai	691	0.0
Handcrafted Weights	691	0.0
MCTS	691	0.5
Aai	692	0.0
Handcrafted Weights	692	0.0
MCTS	692	0.5
Aai	693	1.0
Handcrafted Weights	693	0.5
MCTS	693	0.5
Aai	694	0.5
Handcrafted Weights	694	0.0
MCTS	694	0.5
Aai	695	0.0
Handcrafted Weights	695	0.0
MCTS	695	0.5
Aai	696	1.0
Handcrafted Weights	696	0.0
MCTS	696	0.5
Aai	697	0.0
Handcrafted Weights	697	0.0
MCTS	697	0.5
Aai	698	3.0
Handcrafted Weights	698	0.0
MCTS	698	0.5
Aai	699	0.0
Handcrafted Weights	699	0.5
MCTS	699	0.5
Aai	700	0.0
Handcrafted Weights	700	0.0
MCTS	700	0.0
Aai	701	0.0
Handcrafted Weights	701	0.0
MCTS	701	0.5
Aai	702	1.0
Handcrafted Weights	702	0.0
MCTS	702	0.5
Aai	703	3.0
Handcrafted Weights	703	0.0
MCTS	703	0.5
Aai	704	0.5
Handcrafted Weights	704	0.0
MCTS	704	2.0
Aai	705	0.0
Handcrafted Weights	705	0.0
MCTS	705	2.0
Aai	706	0.0
Handcrafted Weights	706	0.0
MCTS	706	0.0
Aai	707	2.0
Handcrafted Weights	707	0.0
MCTS	707	2.0
Aai	708	0.5
Handcrafted Weights	708	0.0
MCTS	708	0.5
Aai	709	0.0
Handcrafted Weights	709	1.0
MCTS	709	0.5
Aai	710	2.0
Handcrafted Weights	710	0.0
MCTS	710	0.5
Aai	711	1.0
Handcrafted Weights	711	0.5
MCTS	711	0.5
Aai	712	0.0
Handcrafted Weights	712	0.0
MCTS	712	2.0
Aai	713	0.5
Handcrafted Weights	713	0.0
MCTS	713	0.5
Aai	714	0.5
Handcrafted Weights	714	0.0
MCTS	714	0.0
Aai	715	0.0
Handcrafted Weights	715	0.5
MCTS	715	0.5
Aai	716	0.5
Handcrafted Weights	716	0.0
MCTS	716	0.5
Aai	717	0.0
Handcrafted Weights	717	0.0
MCTS	717	0.5
Aai	718	0.0
Handcrafted Weights	718	0.0
MCTS	718	0.5
Aai	719	0.5
Handcrafted Weights	719	0.0
MCTS	719	2.0
Aai	720	2.0
Handcrafted Weights	720	0.5
MCTS	720	2.0
Aai	721	0.5
Handcrafted Weights	721	0.0
MCTS	721	3.0
Aai	722	0.0
Handcrafted Weights	722	0.0
MCTS	722	0.5
Aai	723	0.0
Handcrafted Weights	723	0.0
MCTS	723	0.0
Aai	724	0.5
Handcrafted Weights	724	0.0
MCTS	724	0.5
Aai	725	2.0
Handcrafted Weights	725	0.0
MCTS	725	0.0
Aai	726	2.0
Handcrafted Weights	726	1.5
MCTS	726	0.5
Aai	727	0.5
Handcrafted Weights	727	0.0
MCTS	727	0.5
Aai	728	0.0
Handcrafted Weights	728	0.0
MCTS	728	0.0
Aai	729	0.0
Handcrafted Weights	729	0.0
MCTS	729	0.5
Aai	730	1.0
Handcrafted Weights	730	0.5
MCTS	730	0.5
Aai	731	0.5
Handcrafted Weights	731	1.0
MCTS	731	0.5
Aai	732	0.5
Handcrafted Weights	732	1.0
MCTS	732	0.5
Aai	733	0.0
Handcrafted Weights	733	0.0
MCTS	733	0.5
Aai	734	0.0
Handcrafted Weights	734	0.5
MCTS	734	0.5
Aai	735	3.0
Handcrafted Weights	735	0.5
MCTS	735	0.5
Aai	736	3.0
Handcrafted Weights	736	0.0
MCTS	736	0.5
Aai	737	0.5
Handcrafted Weights	737	0.5
MCTS	737	0.5
Aai	738	0.5
Handcrafted Weights	738	0.5
MCTS	738	0.5
Aai	739	1.0
Handcrafted Weights	739	0.0
MCTS	739	2.0
Aai	740	1.0
Handcrafted Weights	740	0.0
MCTS	740	0.0
Aai	741	3.0
Handcrafted Weights	741	0.5
MCTS	741	0.5
Aai	742	1.0
Handcrafted Weights	742	0.5
MCTS	742	0.5
Aai	743	2.0
Handcrafted Weights	743	0.0
MCTS	743	0.0
Aai	744	2.0
Handcrafted Weights	744	0.5
MCTS	744	0.5
Aai	745	0.0
Handcrafted Weights	745	0.0
MCTS	745	0.5
Aai	746	0.5
Handcrafted Weights	746	0.0
MCTS	746	2.0
Aai	747	0.5
Handcrafted Weights	747	0.0
MCTS	747	2.0
Aai	748	2.0
Handcrafted Weights	748	0.0
MCTS	748	0.5
Aai	749	0.5
Handcrafted Weights	749	0.0
MCTS	749	0.5
Aai	750	0.5
Handcrafted Weights	750	0.0
MCTS	750	0.5
Aai	751	1.0
Handcrafted Weights	751	0.0
MCTS	751	2.0
Aai	752	0.5
Handcrafted Weights	752	0.0
MCTS	752	0.5
Aai	753	0.0
Handcrafted Weights	753	0.0
MCTS	753	0.5
Aai	754	3.0
Handcrafted Weights	754	0.0
MCTS	754	0.0
Aai	755	1.0
Handcrafted Weights	755	0.5
MCTS	755	1.0
Aai	756	1.0
Handcrafted Weights	756	0.0
MCTS	756	2.0
Aai	757	2.0
Handcrafted Weights	757	0.5
MCTS	757	0.5
Aai	758	0.0
Handcrafted Weights	758	0.0
MCTS	758	0.0
Aai	759	0.5
Handcrafted Weights	759	0.0
MCTS	759	0.0
Aai	760	0.0
Handcrafted Weights	760	0.5
MCTS	760	0.5
Aai	761	0.5
Handcrafted Weights	761	0.0
MCTS	761	0.5
Aai	762	1.0
Handcrafted Weights	762	0.5
MCTS	762	0.5
Aai	763	1.0
Handcrafted Weights	763	0.0
MCTS	763	2.0
Aai	764	3.0
Handcrafted Weights	764	0.5
MCTS	764	0.5
Aai	765	0.5
Handcrafted Weights	765	1.0
MCTS	765	0.5
Aai	766	1.0
Handcrafted Weights	766	0.5
MCTS	766	0.5
Aai	767	1.0
Handcrafted Weights	767	0.5
MCTS	767	2.0
Aai	768	3.0
Handcrafted Weights	768	0.0
MCTS	768	0.5
Aai	769	1.0
Handcrafted Weights	769	0.0
MCTS	769	0.0
Aai	770	2.0
Handcrafted Weights	770	0.5
MCTS	770	0.5
Aai	771	1.0
Handcrafted Weights	771	0.5
MCTS	771	0.5
Aai	772	1.0
Handcrafted Weights	772	0.0
MCTS	772	0.5
Aai	773	2.0
Handcrafted Weights	773	0.0
MCTS	773	0.5
Aai	774	0.0
Handcrafted Weights	774	1.5
MCTS	774	0.0
Aai	775	0.5
Handcrafted Weights	775	0.0
MCTS	775	0.5
Aai	776	1.0
Handcrafted Weights	776	0.5
MCTS	776	0.5
Aai	777	1.0
Handcrafted Weights	777	0.5
MCTS	777	0.5
Aai	778	0.0
Handcrafted Weights	778	0.0
MCTS	778	0.5
Aai	779	0.0
Handcrafted Weights	779	0.5
MCTS	779	2.0
Aai	780	1.0
Handcrafted Weights	780	0.5
MCTS	780	2.0
Aai	781	0.5
Handcrafted Weights	781	0.0
MCTS	781	0.0
Aai	782	0.0
Handcrafted Weights	782	0.0
MCTS	782	0.5
Aai	783	0.0
Handcrafted Weights	783	0.0
MCTS	783	0.5
Aai	784	3.0
Handcrafted Weights	784	0.5
MCTS	784	0.5
Aai	785	3.0
Handcrafted Weights	785	0.5
MCTS	785	0.5
Aai	786	0.0
Handcrafted Weights	786	0.0
MCTS	786	0.5
Aai	787	0.0
Handcrafted Weights	787	0.0
MCTS	787	2.0
Aai	788	1.0
Handcrafted Weights	788	0.5
MCTS	788	2.0
Aai	789	0.0
Handcrafted Weights	789	0.0
MCTS	789	0.5
Aai	790	0.5
Handcrafted Weights	790	0.5
MCTS	790	2.0
Aai	791	0.0
Handcrafted Weights	791	1.0
MCTS	791	0.5
Aai	792	0.0
Handcrafted Weights	792	0.0
MCTS	792	0.0
Aai	793	1.0
Handcrafted Weights	793	0.0
MCTS	793	0.5
Aai	794	1.0
Handcrafted Weights	794	0.5
MCTS	794	0.5
Aai	795	2.0
Handcrafted Weights	795	0.5
MCTS	795	0.5
Aai	796	0.0
Handcrafted Weights	796	0.0
MCTS	796	0.5
Aai	797	2.0
Handcrafted Weights	797	0.0
MCTS	797	0.5
Aai	798	3.0
Handcrafted Weights	798	0.0
MCTS	798	0.5
Aai	799	0.0
Handcrafted Weights	799	0.0
MCTS	799	0.5
Aai	800	0.5
Handcrafted Weights	800	0.0
MCTS	800	2.0
Aai	801	2.0
Handcrafted Weights	801	0.5
MCTS	801	0.0
Aai	802	1.0
Handcrafted Weights	802	0.0
MCTS	802	0.5
Aai	803	0.0
Handcrafted Weights	803	0.0
MCTS	803	0.5
Aai	804	1.0
Handcrafted Weights	804	0.0
MCTS	804	1.0
Aai	805	1.0
Handcrafted Weights	805	0.0
MCTS	805	0.5
Aai	806	3.0
Handcrafted Weights	806	1.0
MCTS	806	0.5
Aai	807	2.0
Handcrafted Weights	807	1.5
MCTS	807	1.5
Aai	808	2.0
Handcrafted Weights	808	0.5
MCTS	808	0.5
Aai	809	0.0
Handcrafted Weights	809	0.0
MCTS	809	0.5
Aai	810	1.0
Handcrafted Weights	810	0.0
MCTS	810	0.5
Aai	811	1.0
Handcrafted Weights	811	0.5
MCTS	811	2.0
Aai	812	0.0
Handcrafted Weights	812	0.0
MCTS	812	0.5
Aai	813	3.0
Handcrafted Weights	813	1.0
MCTS	813	1.0
Aai	814	0.0
Handcrafted Weights	814	0.5
MCTS	814	2.0
Aai	815	1.0
Handcrafted Weights	815	0.5
MCTS	815	0.5
Aai	816	0.0
Handcrafted Weights	816	0.0
MCTS	816	0.5
Aai	817	0.0
Handcrafted Weights	817	0.5
MCTS	817	0.0
Aai	818	1.0
Handcrafted Weights	818	0.5
MCTS	818	0.5
Aai	819	2.0
Handcrafted Weights	819	0.0
MCTS	819	0.5
Aai	820	0.0
Handcrafted Weights	820	0.0
MCTS	820	0.5
Aai	821	2.0
Handcrafted Weights	821	0.0
MCTS	821	0.5
Aai	822	0.0
Handcrafted Weights	822	0.0
MCTS	822	2.0
Aai	823	1.5
Handcrafted Weights	823	1.5
MCTS	823	0.5
Aai	824	0.0
Handcrafted Weights	824	0.5
MCTS	824	0.0
Aai	825	0.5
Handcrafted Weights	825	0.0
MCTS	825	0.5
Aai	826	0.0
Handcrafted Weights	826	1.0
MCTS	826	0.5
Aai	827	1.0
Handcrafted Weights	827	0.5
MCTS	827	0.5
Aai	828	0.5
Handcrafted Weights	828	1.0
MCTS	828	0.5
Aai	829	1.0
Handcrafted Weights	829	0.5
MCTS	829	0.5
Aai	830	2.0
Handcrafted Weights	830	0.0
MCTS	830	0.5
Aai	831	0.0
Handcrafted Weights	831	0.0
MCTS	831	0.5
Aai	832	2.0
Handcrafted Weights	832	0.0
MCTS	832	0.5
Aai	833	2.0
Handcrafted Weights	833	1.0
MCTS	833	0.0
Aai	834	1.0
Handcrafted Weights	834	1.0
MCTS	834	0.5
Aai	835	0.5
Handcrafted Weights	835	0.0
MCTS	835	0.0
Aai	836	2.0
Handcrafted Weights	836	0.0
MCTS	836	0.5
Aai	837	0.0
Handcrafted Weights	837	0.0
MCTS	837	0.5
Aai	838	0.5
Handcrafted Weights	838	0.5
MCTS	838	0.5
Aai	839	0.0
Handcrafted Weights	839	0.5
MCTS	839	0.5
Aai	840	2.0
Handcrafted Weights	840	0.0
MCTS	840	0.0
Aai	841	1.5
Handcrafted Weights	841	0.0
MCTS	841	0.5
Aai	842	0.5
Handcrafted Weights	842	0.0
MCTS	842	0.5
Aai	843	0.0
Handcrafted Weights	843	0.0
MCTS	843	0.5
Aai	844	0.5
Handcrafted Weights	844	1.5
MCTS	844	2.0
Aai	845	1.0
Handcrafted Weights	845	0.5
MCTS	845	0.0
Aai	846	2.0
Handcrafted Weights	846	1.5
MCTS	846	0.5
Aai	847	0.5
Handcrafted Weights	847	0.0
MCTS	847	0.5
Aai	848	1.0
Handcrafted Weights	848	0.5
MCTS	848	0.5
Aai	849	0.0
Handcrafted Weights	849	0.0
MCTS	849	0.5
Aai	850	0.0
Handcrafted Weights	850	1.5
MCTS	850	3.0
Aai	851	2.0
Handcrafted Weights	851	0.5
MCTS	851	0.5
Aai	852	2.0
Handcrafted Weights	852	0.5
MCTS	852	2.0
Aai	853	0.5
Handcrafted Weights	853	0.0
MCTS	853	2.0
Aai	854	2.0
Handcrafted Weights	854	0.0
MCTS	854	0.5
Aai	855	2.0
Handcrafted Weights	855	0.5
MCTS	855	0.5
Aai	856	0.5
Handcrafted Weights	856	0.5
MCTS	856	0.5
Aai	857	2.0
Handcrafted Weights	857	0.5
MCTS	857	0.5
Aai	858	0.5
Handcrafted Weights	858	0.0
MCTS	858	2.0
Aai	859	2.0
Handcrafted Weights	859	0.0
MCTS	859	0.5
Aai	860	0.5
Handcrafted Weights	860	0.0
MCTS	860	2.0
Aai	861	0.5
Handcrafted Weights	861	0.5
MCTS	861	0.5
Aai	862	0.5
Handcrafted Weights	862	0.0
MCTS	862	0.5
Aai	863	3.0
Handcrafted Weights	863	2.0
MCTS	863	0.5
Aai	864	1.0
Handcrafted Weights	864	0.5
MCTS	864	0.5
Aai	865	0.5
Handcrafted Weights	865	1.0
MCTS	865	2.0
Aai	866	1.0
Handcrafted Weights	866	0.0
MCTS	866	0.5
Aai	867	2.0
Handcrafted Weights	867	0.0
MCTS	867	0.0
Aai	868	0.0
Handcrafted Weights	868	0.0
MCTS	868	2.0
Aai	869	0.0
Handcrafted Weights	869	0.0
MCTS	869	0.5
Aai	870	2.0
Handcrafted Weights	870	0.0
MCTS	870	0.5
Aai	871	2.0
Handcrafted Weights	871	0.5
MCTS	871	0.5
Aai	872	0.0
Handcrafted Weights	872	0.0
MCTS	872	0.5
Aai	873	0.0
Handcrafted Weights	873	0.5
MCTS	873	0.0
Aai	874	0.5
Handcrafted Weights	874	0.0
MCTS	874	2.0
Aai	875	0.0
Handcrafted Weights	875	0.5
MCTS	875	0.5
Aai	876	0.0
Handcrafted Weights	876	0.0
MCTS	876	0.5
Aai	877	0.0
Handcrafted Weights	877	0.0
MCTS	877	2.0
Aai	878	0.0
Handcrafted Weights	878	0.5
MCTS	878	0.5
Aai	879	0.5
Handcrafted Weights	879	0.5
MCTS	879	0.5
Aai	880	1.0
Handcrafted Weights	880	0.0
MCTS	880	1.0
Aai	881	2.0
Handcrafted Weights	881	0.0
MCTS	881	0.5
Aai	882	0.0
Handcrafted Weights	882	1.5
MCTS	882	0.5
Aai	883	2.0
Handcrafted Weights	883	0.5
MCTS	883	0.5
Aai	884	1.0
Handcrafted Weights	884	0.0
MCTS	884	0.5
Aai	885	1.0
Handcrafted Weights	885	0.5
MCTS	885	0.5
Aai	886	3.0
Handcrafted Weights	886	0.0
MCTS	886	0.5
Aai	887	1.0
Handcrafted Weights	887	0.0
MCTS	887	0.5
Aai	888	2.0
Handcrafted Weights	888	0.5
MCTS	888	0.0
Aai	889	0.5
Handcrafted Weights	889	0.0
MCTS	889	0.5
Aai	890	2.0
Handcrafted Weights	890	1.0
MCTS	890	0.5
Aai	891	1.0
Handcrafted Weights	891	1.0
MCTS	891	0.5
Aai	892	1.0
Handcrafted Weights	892	0.0
MCTS	892	0.5
Aai	893	0.0
Handcrafted Weights	893	0.5
MCTS	893	0.5
Aai	894	1.0
Handcrafted Weights	894	0.0
MCTS	894	0.5
Aai	895	0.0
Handcrafted Weights	895	1.5
MCTS	895	0.5
Aai	896	0.0
Handcrafted Weights	896	0.0
MCTS	896	2.0
Aai	897	0.0
Handcrafted Weights	897	0.0
MCTS	897	0.5
Aai	898	3.0
Handcrafted Weights	898	0.0
MCTS	898	1.0
Aai	899	1.0
Handcrafted Weights	899	0.5
MCTS	899	0.5
Aai	900	2.0
Handcrafted Weights	900	0.5
MCTS	900	0.5
Aai	901	0.0
Handcrafted Weights	901	0.0
MCTS	901	0.5
Aai	902	2.0
Handcrafted Weights	902	0.5
MCTS	902	0.5
Aai	903	0.0
Handcrafted Weights	903	0.5
MCTS	903	2.0
Aai	904	0.0
Handcrafted Weights	904	0.0
MCTS	904	0.5
Aai	905	0.5
Handcrafted Weights	905	0.0
MCTS	905	0.5
Aai	906	1.0
Handcrafted Weights	906	0.0
MCTS	906	0.0
Aai	907	0.0
Handcrafted Weights	907	0.0
MCTS	907	0.5
Aai	908	2.0
Handcrafted Weights	908	0.0
MCTS	908	0.5
Aai	909	3.0
Handcrafted Weights	909	0.0
MCTS	909	0.5
Aai	910	0.0
Handcrafted Weights	910	0.5
MCTS	910	0.5
Aai	911	0.5
Handcrafted Weights	911	0.0
MCTS	911	0.5
Aai	912	0.5
Handcrafted Weights	912	0.0
MCTS	912	0.5
Aai	913	3.0
Handcrafted Weights	913	0.0
MCTS	913	0.5
Aai	914	1.5
Handcrafted Weights	914	0.0
MCTS	914	1.0
Aai	915	0.5
Handcrafted Weights	915	0.0
MCTS	915	0.5
Aai	916	2.0
Handcrafted Weights	916	0.0
MCTS	916	0.5
Aai	917	2.0
Handcrafted Weights	917	0.5
MCTS	917	2.0
Aai	918	3.0
Handcrafted Weights	918	0.0
MCTS	918	0.5
Aai	919	1.0
Handcrafted Weights	919	0.5
MCTS	919	2.0
Aai	920	1.0
Handcrafted Weights	920	0.0
MCTS	920	0.0
Aai	921	1.0
Handcrafted Weights	921	0.0
MCTS	921	0.0
Aai	922	2.0
Handcrafted Weights	922	0.0
MCTS	922	0.0
Aai	923	0.5
Handcrafted Weights	923	0.0
MCTS	923	0.5
Aai	924	1.0
Handcrafted Weights	924	0.0
MCTS	924	1.0
Aai	925	0.5
Handcrafted Weights	925	0.0
MCTS	925	0.5
Aai	926	0.5
Handcrafted Weights	926	0.0
MCTS	926	0.5
Aai	927	0.0
Handcrafted Weights	927	0.0
MCTS	927	0.5
Aai	928	1.0
Handcrafted Weights	928	0.0
MCTS	928	1.0
Aai	929	0.5
Handcrafted Weights	929	0.0
MCTS	929	0.0
Aai	930	0.5
Handcrafted Weights	930	1.0
MCTS	930	2.0
Aai	931	0.0
Handcrafted Weights	931	0.0
MCTS	931	0.0
Aai	932	0.5
Handcrafted Weights	932	0.0
MCTS	932	2.0
Aai	933	0.0
Handcrafted Weights	933	0.0
MCTS	933	0.0
Aai	934	0.0
Handcrafted Weights	934	0.0
MCTS	934	1.5
Aai	935	2.0
Handcrafted Weights	935	0.0
MCTS	935	0.5
Aai	936	0.5
Handcrafted Weights	936	0.0
MCTS	936	2.0
Aai	937	0.0
Handcrafted Weights	937	0.0
MCTS	937	2.0
Aai	938	0.5
Handcrafted Weights	938	0.0
MCTS	938	0.5
Aai	939	0.0
Handcrafted Weights	939	0.0
MCTS	939	0.0
Aai	940	0.0
Handcrafted Weights	940	1.0
MCTS	940	0.5
Aai	941	2.0
Handcrafted Weights	941	0.5
MCTS	941	0.5
Aai	942	2.0
Handcrafted Weights	942	0.0
MCTS	942	2.0
Aai	943	0.5
Handcrafted Weights	943	0.0
MCTS	943	0.0
Aai	944	2.0
Handcrafted Weights	944	0.0
MCTS	944	0.5
Aai	945	0.0
Handcrafted Weights	945	0.5
MCTS	945	0.5
Aai	946	1.0
Handcrafted Weights	946	1.0
MCTS	946	2.0
Aai	947	0.5
Handcrafted Weights	947	0.0
MCTS	947	0.5
Aai	948	0.5
Handcrafted Weights	948	0.0
MCTS	948	0.5
Aai	949	3.0
Handcrafted Weights	949	0.0
MCTS	949	0.5
Aai	950	2.0
Handcrafted Weights	950	0.0
MCTS	950	0.5
Aai	951	3.0
Handcrafted Weights	951	0.0
MCTS	951	0.5
Aai	952	0.0
Handcrafted Weights	952	0.0
MCTS	952	0.5
Aai	953	0.0
Handcrafted Weights	953	0.0
MCTS	953	0.0
Aai	954	2.0
Handcrafted Weights	954	0.0
MCTS	954	0.5
Aai	955	2.0
Handcrafted Weights	955	0.0
MCTS	955	1.0
Aai	956	1.0
Handcrafted Weights	956	0.0
MCTS	956	0.5
Aai	957	2.0
Handcrafted Weights	957	0.5
MCTS	957	0.0
Aai	958	1.0
Handcrafted Weights	958	0.0
MCTS	958	2.0
Aai	959	0.5
Handcrafted Weights	959	0.0
MCTS	959	0.5
Aai	960	1.0
Handcrafted Weights	960	0.5
MCTS	960	0.5
Aai	961	0.5
Handcrafted Weights	961	0.5
MCTS	961	0.5
Aai	962	2.0
Handcrafted Weights	962	0.0
MCTS	962	0.5
Aai	963	0.5
Handcrafted Weights	963	0.0
MCTS	963	2.0
Aai	964	3.0
Handcrafted Weights	964	0.0
MCTS	964	0.5
Aai	965	0.5
Handcrafted Weights	965	0.0
MCTS	965	2.0
Aai	966	1.0
Handcrafted Weights	966	0.0
MCTS	966	0.5
Aai	967	2.0
Handcrafted Weights	967	0.0
MCTS	967	0.5
Aai	968	1.0
Handcrafted Weights	968	0.0
MCTS	968	0.5
Aai	969	0.5
Handcrafted Weights	969	0.5
MCTS	969	0.5
Aai	970	0.5
Handcrafted Weights	970	0.0
MCTS	970	0.5
Aai	971	2.0
Handcrafted Weights	971	1.0
MCTS	971	0.0
Aai	972	2.0
Handcrafted Weights	972	0.5
MCTS	972	0.5
Aai	973	3.0
Handcrafted Weights	973	0.0
MCTS	973	0.5
Aai	974	3.0
Handcrafted Weights	974	0.0
MCTS	974	2.0
Aai	975	0.5
Handcrafted Weights	975	0.0
MCTS	975	0.5
Aai	976	0.0
Handcrafted Weights	976	0.5
MCTS	976	0.5
Aai	977	3.0
Handcrafted Weights	977	0.5
MCTS	977	0.5
Aai	978	0.0
Handcrafted Weights	978	0.0
MCTS	978	0.5
Aai	979	0.0
Handcrafted Weights	979	0.5
MCTS	979	0.5
Aai	980	1.0
Handcrafted Weights	980	0.0
MCTS	980	0.5
Aai	981	1.0
Handcrafted Weights	981	0.0
MCTS	981	0.5
Aai	982	0.0
Handcrafted Weights	982	0.0
MCTS	982	0.5
Aai	983	0.5
Handcrafted Weights	983	0.0
MCTS	983	0.5
Aai	984	0.5
Handcrafted Weights	984	0.0
MCTS	984	0.5
Aai	985	1.0
Handcrafted Weights	985	0.0
MCTS	985	0.5
Aai	986	1.0
Handcrafted Weights	986	0.0
MCTS	986	0.5
Aai	987	0.5
Handcrafted Weights	987	0.0
MCTS	987	0.5
Aai	988	0.5
Handcrafted Weights	988	0.5
MCTS	988	0.5
Aai	989	2.0
Handcrafted Weights	989	0.5
MCTS	989	0.5
Aai	990	2.0
Handcrafted Weights	990	0.5
MCTS	990	0.5
Aai	991	3.0
Handcrafted Weights	991	0.0
MCTS	991	1.5
Aai	992	2.0
Handcrafted Weights	992	0.5
MCTS	992	3.0
Aai	993	0.5
Handcrafted Weights	993	0.0
MCTS	993	0.5
Aai	994	0.0
Handcrafted Weights	994	0.0
MCTS	994	0.5
Aai	995	0.0
Handcrafted Weights	995	0.5
MCTS	995	0.5
Aai	996	3.0
Handcrafted Weights	996	0.5
MCTS	996	0.0
Aai	997	0.0
Handcrafted Weights	997	0.5
MCTS	997	0.5
Aai	998	0.0
Handcrafted Weights	998	0.0
MCTS	998	2.0
Aai	999	3.0
Handcrafted Weights	999	0.0
MCTS	999	0.5
Aai	1000	1.0
Handcrafted Weights	1000	0.0
MCTS	1000	0.5
Aai	1001	3.0
Handcrafted Weights	1001	1.0
MCTS	1001	0.5
Aai	1002	0.5
Handcrafted Weights	1002	0.5
MCTS	1002	0.0
Aai	1003	0.0
Handcrafted Weights	1003	0.0
MCTS	1003	1.0
Aai	1004	3.0
Handcrafted Weights	1004	0.0
MCTS	1004	0.5
Aai	1005	3.0
Handcrafted Weights	1005	0.0
MCTS	1005	0.5
Aai	1006	3.0
Handcrafted Weights	1006	0.5
MCTS	1006	0.5
Aai	1007	0.0
Handcrafted Weights	1007	0.5
MCTS	1007	0.5
Aai	1008	0.5
Handcrafted Weights	1008	1.5
MCTS	1008	0.5
Aai	1009	0.0
Handcrafted Weights	1009	0.0
MCTS	1009	0.5
Aai	1010	0.0
Handcrafted Weights	1010	0.5
MCTS	1010	0.0
Aai	1011	2.0
Handcrafted Weights	1011	0.5
MCTS	1011	2.0
Aai	1012	2.0
Handcrafted Weights	1012	0.0
MCTS	1012	2.0
Aai	1013	2.0
Handcrafted Weights	1013	0.0
MCTS	1013	0.5
Aai	1014	0.0
Handcrafted Weights	1014	0.5
MCTS	1014	0.5
Aai	1015	1.0
Handcrafted Weights	1015	0.0
MCTS	1015	0.5
Aai	1016	0.5
Handcrafted Weights	1016	0.5
MCTS	1016	2.0
Aai	1017	2.0
Handcrafted Weights	1017	0.0
MCTS	1017	0.5
Aai	1018	0.0
Handcrafted Weights	1018	0.0
MCTS	1018	0.5
Aai	1019	0.0
Handcrafted Weights	1019	0.5
MCTS	1019	0.5
Aai	1020	0.0
Handcrafted Weights	1020	0.0
MCTS	1020	0.5
Aai	1021	0.5
Handcrafted Weights	1021	0.5
MCTS	1021	2.0
